id,first_name,last_name,email,password,mother_language,gender,job_title,birth_year,remember_me,created_at
1,ttt,חדשttt,,,אנגלית,זכר,מנהל,1990,0,2025-04-28 20:30:57
2,משתמdddש,חדשddd,,,עברית,זכר,מנהל,1990,0,2025-04-28 20:32:58
3,משתמש,חדש,,,עברית,זכר,מנהל,1990,0,2025-04-28 21:08:24
4,משתמש,חדש,,,עברית,זכר,מנהל,1990,0,2025-04-28 21:09:17
5,משתמש,חדש,,,עברית,זכר,מנהל,1990,0,2025-04-28 21:10:07
6,משתמש,חדש,,,עברית,זכר,מנהל,1990,0,2025-04-28 21:24:29
7,משתמש,חדש,,,עברית,זכר,מנהל,1990,0,2025-04-28 22:31:37
8,משתמש,חדש,,,עברית,זכר,מנהל,1990,0,2025-04-28 22:35:53
9,משתמש,חדש,,,עברית,זכר,מנהל,1990,0,2025-04-28 22:56:24
10,משתמש,חדש,,,עברית,זכר,מנהל,1990,0,2025-04-28 22:57:24
11,משתמש,חדש,,,עברית,זכר,מנהל,1990,0,2025-04-28 22:57:42
12,משתמש,חדש,,,עברית,זכר,מנהל,1990,0,2025-04-28 22:58:42
13,משתמש,חדש,,,עברית,זכר,מנהל,1990,0,2025-04-28 22:59:02
14,משתמש,חדש,,,עברית,זכר,מנהל,1990,0,2025-04-28 23:01:47
15,משתמש,חדש,,,עברית,זכר,מנהל,1990,0,2025-04-28 23:03:05
16,משתמש,חדש,,,עברית,זכר,מנהל,1990,0,2025-04-28 23:03:05
17,משתמש,חדש,,,עברית,זכר,מנהל,1990,0,2025-04-28 23:03:05
18,משתמש,חדש,,,עברית,זכר,מנהל,1990,0,2025-04-28 23:10:47
19,משתמש,חדש,,,עברית,זכר,מנהל,1990,0,2025-04-28 23:12:22
20,משתמש,חדש,,,עברית,זכר,מנהל,1990,0,2025-04-28 23:13:13
21,משתמש,חדש,,,עברית,זכר,מנהל,1990,0,2025-04-28 23:14:33
22,משתמש,חדש,,,עברית,זכר,מנהל,1990,0,2025-04-28 23:15:21
23,משתמש,חדש,,,עברית,זכר,מנהל,1990,0,2025-04-28 23:16:53
24,משתמש,חדש,,,עברית,זכר,מנהל,1990,0,2025-04-28 23:17:15
25,משתמש,חדש,,,עברית,זכר,מנהל,1990,0,2025-04-28 23:18:54
26,משתמש,חדש,,,עברית,זכר,מנהל,1990,0,2025-04-28 23:20:05
27,משתמש,חדש,,,עברית,זכר,מנהל,1990,0,2025-04-28 23:27:00
28,משתמש,חדש,,,עברית,זכר,מנהל,1990,0,2025-04-28 23:31:31
29,משתמש,חדש,,,עברית,זכר,מנהל,1990,0,2025-04-28 23:33:13
30,משתמש,חדש,,,עברית,זכר,מנהל,1990,0,2025-04-28 23:42:40
31,משתמש,חדש,,,עברית,זכר,מנהל,1990,0,2025-04-28 23:46:59
32,משתמש,חדש,,,עברית,זכר,מנהל,1990,0,2025-04-28 23:47:35
33,משתמש,חדש,,,עברית,זכר,מנהל,1990,0,2025-04-28 23:50:04
34,משתמש,חדש,,,עברית,זכר,מנהל,1990,0,2025-04-28 23:52:03
35,משתמש,חדש,,,עברית,זכר,מנהל,1990,0,2025-04-28 23:54:17
36,משתמש,חדש,,,עברית,זכר,מנהל,1990,0,2025-04-28 23:58:01
37,משתמש,חדש,,,עברית,זכר,מנהל,1990,0,2025-04-29 00:00:29
38,משתמש,חדש,,,עברית,זכר,מנהל,1990,0,2025-04-29 00:01:01
39,משתמש,חדש,,,עברית,זכר,מנהל,1990,0,2025-04-29 00:13:48
40,משתמש,חדש,,,עברית,זכר,מנהל,1990,0,2025-04-29 00:15:07
41,משתמש,חדש,,,עברית,זכר,מנהל,1990,0,2025-04-29 00:15:45
42,םצקר,חגדגדש,,,עברית,זכר,מנהל,1990,0,2025-04-29 00:21:14
43,משתמש,חדש,,,עברית,זכר,מנהל,1990,0,2025-04-29 11:39:43
44,משתמש,חדש,,,עברית,זכר,מנהל,1990,0,2025-04-29 11:53:53
